epoch,time,train/box_loss,train/cls_loss,train/dfl_loss,metrics/precision(B),metrics/recall(B),metrics/mAP50(B),metrics/mAP50-95(B),val/box_loss,val/cls_loss,val/dfl_loss,lr/pg0,lr/pg1,lr/pg2
1,3.00004,2.22455,3.86418,1.88743,0.00333,1,0.09511,0.02782,1.65513,3.14113,1.73334,8e-05,8e-05,8e-05
2,5.33552,1.32449,3.22115,1.35252,0.00333,1,0.82825,0.60755,0.99339,2.62804,0.95676,0.000178218,0.000178218,0.000178218
3,7.74454,0.65169,2.33533,0.91345,0.00333,1,0.995,0.74063,0.79325,2.45895,0.88489,0.000274456,0.000274456,0.000274456
4,10.1385,0.60057,1.76831,0.89816,0.00333,1,0.995,0.8814,0.50537,2.23472,0.82843,0.000368714,0.000368714,0.000368714
5,12.535,0.59961,1.37173,0.91834,0.95469,1,0.995,0.65433,1.13854,2.02981,0.91939,0.000460992,0.000460992,0.000460992
6,14.8528,0.59316,1.14701,0.90744,0.98352,1,0.995,0.6902,1.14492,1.88411,0.94569,0.00055129,0.00055129,0.00055129
7,17.1345,0.54633,1.07663,0.89014,0.98436,1,0.995,0.77857,0.68996,1.87964,0.86318,0.000639608,0.000639608,0.000639608
8,19.4736,0.52036,0.97232,0.90645,1,0.5382,0.995,0.85063,0.54636,2.14918,0.88023,0.000725946,0.000725946,0.000725946
9,21.8969,0.52819,0.91477,0.88583,1,0.64943,0.995,0.74028,0.8227,2.25083,0.87661,0.000810304,0.000810304,0.000810304
10,24.3307,0.53862,0.9058,0.88555,1,0.83899,0.995,0.8896,0.46033,1.92691,0.85108,0.000892682,0.000892682,0.000892682
11,26.8168,0.51689,0.88308,0.8675,0.9906,1,0.995,0.81803,0.7628,1.34463,0.88077,0.00097308,0.00097308,0.00097308
12,28.9822,0.48191,0.84262,0.87183,0.99533,1,0.995,0.83143,0.70177,1.12434,0.85103,0.0010515,0.0010515,0.0010515
13,31.3831,0.53296,0.89053,0.90766,0.99513,1,0.995,0.7259,0.88883,1.30833,0.89773,0.00112794,0.00112794,0.00112794
14,33.8129,0.53081,0.85886,0.87899,0.99335,1,0.995,0.82393,0.72344,1.31538,0.89032,0.00120239,0.00120239,0.00120239
15,36.0888,0.55545,0.85704,0.8775,0.99378,1,0.995,0.78429,0.82383,1.35801,0.89012,0.00127487,0.00127487,0.00127487
16,38.3142,0.53565,0.82469,0.88958,0.9953,1,0.995,0.85016,0.64276,1.16191,0.84461,0.00134537,0.00134537,0.00134537
17,40.6539,0.50627,0.80705,0.86448,0.99573,1,0.995,0.82978,0.54401,0.96718,0.84416,0.00141389,0.00141389,0.00141389
18,42.6941,0.51669,0.81461,0.87957,0.99606,1,0.995,0.85301,0.68401,1.00678,0.8359,0.00148043,0.00148043,0.00148043
19,44.8383,0.49829,0.75149,0.87686,0.99642,1,0.995,0.86144,0.67376,0.9791,0.83818,0.00154498,0.00154498,0.00154498
20,46.8784,0.53607,0.79313,0.88887,0.99687,1,0.995,0.78913,0.75523,0.75598,0.82802,0.00160756,0.00160756,0.00160756
21,49.0501,0.46653,0.72639,0.87019,0.99691,1,0.995,0.8548,0.64858,0.72943,0.83882,0.001604,0.001604,0.001604
22,51.0746,0.46156,0.69287,0.87668,0.9959,1,0.995,0.86598,0.64862,0.73238,0.83248,0.0015842,0.0015842,0.0015842
23,53.1244,0.49798,0.69082,0.86504,0.9966,1,0.995,0.86457,0.58268,0.57058,0.85978,0.0015644,0.0015644,0.0015644
24,55.4439,0.5814,0.71817,0.89289,0.99679,1,0.995,0.8099,0.73695,0.63854,0.84797,0.0015446,0.0015446,0.0015446
25,57.473,0.59405,0.69273,0.88135,0.99542,1,0.995,0.85308,0.55139,0.59226,0.83617,0.0015248,0.0015248,0.0015248
26,59.5313,0.47501,0.65162,0.87906,0.993,1,0.995,0.85381,0.56676,0.54691,0.83587,0.001505,0.001505,0.001505
27,61.9733,0.45945,0.63663,0.86891,0.99572,1,0.995,0.88118,0.56231,0.57513,0.82766,0.0014852,0.0014852,0.0014852
28,64.1124,0.47768,0.66614,0.87685,0.9961,1,0.995,0.90163,0.42642,0.46276,0.80254,0.0014654,0.0014654,0.0014654
29,66.4478,0.41542,0.60728,0.85004,0.99634,1,0.995,0.94419,0.35841,0.44825,0.81012,0.0014456,0.0014456,0.0014456
30,68.4873,0.41163,0.58339,0.86958,0.99515,1,0.995,0.84993,0.46402,0.57658,0.8112,0.0014258,0.0014258,0.0014258
31,70.6429,0.47127,0.617,0.85229,0.99426,1,0.995,0.82589,0.55161,0.5999,0.81144,0.001406,0.001406,0.001406
32,72.6993,0.42672,0.58602,0.86279,0.99175,1,0.995,0.87291,0.55128,0.55386,0.8183,0.0013862,0.0013862,0.0013862
33,75.0556,0.44779,0.60222,0.87015,0.99598,1,0.995,0.84016,0.65251,0.48317,0.82554,0.0013664,0.0013664,0.0013664
34,77.0799,0.4207,0.57544,0.8519,0.99668,1,0.995,0.8689,0.52721,0.46197,0.80921,0.0013466,0.0013466,0.0013466
35,79.2837,0.3994,0.53333,0.83398,0.99633,1,0.995,0.91754,0.45142,0.43689,0.80025,0.0013268,0.0013268,0.0013268
36,81.4749,0.42959,0.54934,0.85887,0.99715,1,0.995,0.91242,0.46645,0.39476,0.79878,0.001307,0.001307,0.001307
37,83.64,0.39555,0.5051,0.86072,0.99717,1,0.995,0.93341,0.37163,0.3644,0.79925,0.0012872,0.0012872,0.0012872
38,85.689,0.41333,0.52509,0.84964,0.99725,1,0.995,0.91075,0.42314,0.36069,0.80088,0.0012674,0.0012674,0.0012674
39,87.8591,0.39628,0.51777,0.85325,0.99741,1,0.995,0.88858,0.41734,0.41925,0.83913,0.0012476,0.0012476,0.0012476
40,90.0367,0.37367,0.51333,0.86012,0.99741,1,0.995,0.91529,0.3532,0.34601,0.82168,0.0012278,0.0012278,0.0012278
41,92.0722,0.36789,0.47795,0.82808,0.9974,1,0.995,0.93846,0.32595,0.35902,0.80252,0.001208,0.001208,0.001208
42,94.25,0.35086,0.46877,0.83681,0.99741,1,0.995,0.94294,0.32983,0.2926,0.79729,0.0011882,0.0011882,0.0011882
43,96.2778,0.35766,0.46261,0.8408,0.99746,1,0.995,0.93766,0.32686,0.32686,0.79547,0.0011684,0.0011684,0.0011684
44,98.5207,0.36798,0.4598,0.83629,0.99747,1,0.995,0.95913,0.26244,0.27124,0.79324,0.0011486,0.0011486,0.0011486
45,100.839,0.38426,0.46428,0.84651,0.99748,1,0.995,0.94981,0.37782,0.3515,0.80055,0.0011288,0.0011288,0.0011288
46,102.838,0.36674,0.44337,0.84972,0.99749,1,0.995,0.88878,0.49626,0.29594,0.80745,0.001109,0.001109,0.001109
47,104.872,0.38437,0.44711,0.85252,0.99748,1,0.995,0.96953,0.27655,0.30512,0.79606,0.0010892,0.0010892,0.0010892
48,107.246,0.38949,0.451,0.85308,0.99736,1,0.995,0.96147,0.31249,0.29932,0.79869,0.0010694,0.0010694,0.0010694
49,109.266,0.38,0.45619,0.8428,0.9973,1,0.995,0.95341,0.29644,0.28506,0.80242,0.0010496,0.0010496,0.0010496
50,111.318,0.38503,0.44351,0.86374,0.99703,1,0.995,0.96822,0.30093,0.28759,0.78795,0.0010298,0.0010298,0.0010298
51,113.647,0.36264,0.42606,0.84161,0.99721,1,0.995,0.9497,0.30814,0.2878,0.79348,0.00101,0.00101,0.00101
52,115.84,0.36711,0.43154,0.8539,0.99725,1,0.995,0.9602,0.3077,0.28727,0.79815,0.0009902,0.0009902,0.0009902
53,118.006,0.35484,0.41731,0.83789,0.99723,1,0.995,0.95558,0.28862,0.25002,0.79661,0.0009704,0.0009704,0.0009704
54,120.056,0.32355,0.40066,0.83738,0.9973,1,0.995,0.96823,0.27681,0.27721,0.7899,0.0009506,0.0009506,0.0009506
55,122.069,0.32341,0.38365,0.82457,0.99734,1,0.995,0.95256,0.28498,0.28399,0.79247,0.0009308,0.0009308,0.0009308
56,124.367,0.32491,0.38471,0.84855,0.99733,1,0.995,0.96321,0.27955,0.26005,0.78758,0.000911,0.000911,0.000911
57,126.558,0.33446,0.38633,0.84648,0.99726,1,0.995,0.93766,0.31163,0.3034,0.81333,0.0008912,0.0008912,0.0008912
58,128.885,0.33591,0.40044,0.8467,0.99726,1,0.995,0.9375,0.29858,0.29594,0.81764,0.0008714,0.0008714,0.0008714
59,131.23,0.30582,0.37226,0.83616,0.99713,1,0.995,0.94346,0.29875,0.2912,0.78895,0.0008516,0.0008516,0.0008516
60,133.502,0.30884,0.39289,0.83795,0.99699,1,0.995,0.92995,0.30944,0.29344,0.81222,0.0008318,0.0008318,0.0008318
61,136.033,0.31014,0.36014,0.84123,0.99699,1,0.995,0.94217,0.34198,0.31175,0.83081,0.000812,0.000812,0.000812
62,138.251,0.3238,0.37506,0.83283,0.9973,1,0.995,0.97704,0.26208,0.27788,0.79557,0.0007922,0.0007922,0.0007922
63,140.61,0.32478,0.37325,0.84242,0.99737,1,0.995,0.97695,0.233,0.2623,0.79112,0.0007724,0.0007724,0.0007724
64,142.818,0.31845,0.34799,0.84327,0.99745,1,0.995,0.96844,0.29369,0.27673,0.8003,0.0007526,0.0007526,0.0007526
65,145.054,0.32958,0.3612,0.83541,0.99741,1,0.995,0.97204,0.26293,0.26952,0.79072,0.0007328,0.0007328,0.0007328
66,147.553,0.30919,0.36225,0.84801,0.99717,1,0.995,0.96983,0.22945,0.2455,0.78327,0.000713,0.000713,0.000713
67,149.913,0.30282,0.34766,0.84031,0.99722,1,0.995,0.97747,0.23375,0.25108,0.78758,0.0006932,0.0006932,0.0006932
68,152.399,0.31966,0.36711,0.83969,0.99732,1,0.995,0.98104,0.26275,0.29074,0.78989,0.0006734,0.0006734,0.0006734
69,154.622,0.29246,0.34518,0.84242,0.99735,1,0.995,0.98777,0.22207,0.26963,0.78509,0.0006536,0.0006536,0.0006536
70,156.799,0.30082,0.33443,0.83401,0.9974,1,0.995,0.995,0.24327,0.27339,0.7845,0.0006338,0.0006338,0.0006338
71,159.038,0.29243,0.33833,0.84911,0.99745,1,0.995,0.97654,0.25134,0.25374,0.78758,0.000614,0.000614,0.000614
72,161.396,0.28567,0.33985,0.82651,0.99746,1,0.995,0.96359,0.36055,0.26671,0.78737,0.0005942,0.0005942,0.0005942
73,163.791,0.29653,0.34277,0.83363,0.99746,1,0.995,0.96973,0.33382,0.27585,0.78628,0.0005744,0.0005744,0.0005744
74,166.066,0.27772,0.33528,0.82105,0.99744,1,0.995,0.96195,0.29981,0.2129,0.79178,0.0005546,0.0005546,0.0005546
75,168.399,0.28574,0.3293,0.83587,0.9974,1,0.995,0.96881,0.28012,0.21048,0.78663,0.0005348,0.0005348,0.0005348
76,170.814,0.28531,0.33198,0.82809,0.99743,1,0.995,0.98778,0.25149,0.21233,0.78599,0.000515,0.000515,0.000515
77,173.064,0.2834,0.32283,0.83864,0.99741,1,0.995,0.9761,0.26139,0.20612,0.79064,0.0004952,0.0004952,0.0004952
78,175.432,0.2749,0.32268,0.82424,0.99738,1,0.995,0.96195,0.30251,0.20076,0.7973,0.0004754,0.0004754,0.0004754
79,177.663,0.27393,0.33098,0.82941,0.9974,1,0.995,0.97006,0.30005,0.23047,0.79265,0.0004556,0.0004556,0.0004556
80,179.869,0.28852,0.32249,0.83347,0.99738,1,0.995,0.95563,0.27166,0.2406,0.78579,0.0004358,0.0004358,0.0004358
81,182.211,0.25576,0.308,0.81797,0.99733,1,0.995,0.9676,0.23464,0.19513,0.78576,0.000416,0.000416,0.000416
82,184.408,0.26895,0.29957,0.8208,0.99734,1,0.995,0.97609,0.23028,0.17398,0.7869,0.0003962,0.0003962,0.0003962
83,186.62,0.26199,0.30181,0.84053,0.99731,1,0.995,0.96738,0.25114,0.1976,0.78518,0.0003764,0.0003764,0.0003764
84,189.002,0.27958,0.32105,0.82473,0.99728,1,0.995,0.98578,0.2545,0.20973,0.78479,0.0003566,0.0003566,0.0003566
85,191.238,0.25926,0.30201,0.81555,0.99729,1,0.995,0.97609,0.25213,0.1985,0.78524,0.0003368,0.0003368,0.0003368
86,193.484,0.25059,0.28741,0.83151,0.99727,1,0.995,0.97609,0.23033,0.19196,0.78471,0.000317,0.000317,0.000317
87,196.027,0.25959,0.29878,0.84143,0.99733,1,0.995,0.96881,0.24223,0.19879,0.78308,0.0002972,0.0002972,0.0002972
88,198.204,0.2553,0.3027,0.81647,0.99734,1,0.995,0.96956,0.2538,0.19939,0.78381,0.0002774,0.0002774,0.0002774
89,200.422,0.24328,0.28228,0.83198,0.99741,1,0.995,0.96956,0.25279,0.20979,0.78457,0.0002576,0.0002576,0.0002576
90,202.655,0.24353,0.28825,0.82183,0.99742,1,0.995,0.96846,0.23701,0.18984,0.7843,0.0002378,0.0002378,0.0002378
91,207.707,0.246,0.38147,0.80884,0.99744,1,0.995,0.97794,0.22783,0.18935,0.78417,0.000218,0.000218,0.000218
92,210.226,0.22978,0.33409,0.79607,0.99744,1,0.995,0.98853,0.23065,0.21832,0.78307,0.0001982,0.0001982,0.0001982
93,212.442,0.23244,0.32462,0.79958,0.99748,1,0.995,0.96739,0.24742,0.23946,0.7839,0.0001784,0.0001784,0.0001784
94,214.741,0.23922,0.33588,0.79194,0.99744,1,0.995,0.96739,0.24881,0.2301,0.78369,0.0001586,0.0001586,0.0001586
95,217.099,0.21563,0.30991,0.78023,0.99742,1,0.995,0.97654,0.25166,0.2205,0.78314,0.0001388,0.0001388,0.0001388
96,219.577,0.20791,0.30303,0.80761,0.99739,1,0.995,0.96738,0.24212,0.21688,0.78267,0.000119,0.000119,0.000119
97,222.002,0.19446,0.30137,0.77286,0.99735,1,0.995,0.97609,0.23821,0.21436,0.7824,9.92e-05,9.92e-05,9.92e-05
98,224.209,0.21102,0.29581,0.83532,0.99736,1,0.995,0.96979,0.23206,0.21948,0.78112,7.94e-05,7.94e-05,7.94e-05
99,226.523,0.20985,0.29497,0.8078,0.99735,1,0.995,0.98877,0.23634,0.2347,0.78118,5.96e-05,5.96e-05,5.96e-05
100,228.824,0.20016,0.28746,0.8013,0.99737,1,0.995,0.98852,0.23879,0.23707,0.78101,3.98e-05,3.98e-05,3.98e-05
